site_index	protein_reference	position	redundancy	maxScore	motif_peptide	annotation	symbol	4x_Btz_rep1-4 ID's	4x_Btz_rep1-4 Quant	Btz_Epox ID's	Btz_Epox Quant	Usp2cc ID's	Usp2cc Quant	Btz_timepoints ID's	Btz_timepoints Quant	Btz_CHX ID's	Btz_CHX Quant	SILAC_Chase_GG ID's	SILAC_Chase_GG Quant	MLN_timepoints ID's	MLN_timepoints Quant	Btz_MLN_1st ID's	Btz_MLN_1st Quant	Btz_MLN_2nd ID's	Btz_MLN_2nd Quant	CST_GG_PullDowns ID's	CST_GG_PullDowns Quant	redundancy	all IPIs
1	IPI:IPI00644712.4	31	razor	1000	EASGDYKYSGRDS	ATP-dependent DNA helicase 2 subunit 1	XRCC6	10	2	9	0	0	0	0	0	9	1	2	0	3	0	17	2	2	0	0	0	3	IPI:IPI00644712.4_K31, IPI:IPI00889791.1_K31, IPI:IPI00893179.1_K31
2	IPI:IPI00644712.4	114	razor	1000	LDNPGAKRILELD	ATP-dependent DNA helicase 2 subunit 1	XRCC6	47	16	40	14	2	1	36	13	36	11	12	7	30	6	54	11	30	7	5	2	3	IPI:IPI00644712.4_K114, IPI:IPI00893062.1_K64, IPI:IPI00893179.1_K114
3	IPI:IPI00644712.4	317	razor	1000	LLPSDTKRSQIYG	ATP-dependent DNA helicase 2 subunit 1	XRCC6	20	11	19	11	1	1	4	4	15	8	1	1	14	8	23	12	4	2	9	7	4	IPI:IPI00644712.4_K317, IPI:IPI00889791.1_K276, IPI:IPI00893062.1_K267, IPI:IPI00893179.1_K317
4	IPI:IPI00644712.4	451	razor	1000	KMPFTEKIMATPE	ATP-dependent DNA helicase 2 subunit 1	XRCC6	23	4	10	0	0	0	3	2	21	2	2	0	20	7	19	3	0	0	0	0	4	IPI:IPI00644712.4_K451, IPI:IPI00889791.1_K410, IPI:IPI00893062.1_K401, IPI:IPI00893179.1_K451
5	IPI:IPI00644712.4	100	razor	1000	KNSVNFKNIYVLQ	ATP-dependent DNA helicase 2 subunit 1	XRCC6	12	3	20	5	1	1	4	1	19	4	4	3	0	0	15	6	9	3	0	0	3	IPI:IPI00644712.4_K100, IPI:IPI00893062.1_K50, IPI:IPI00893179.1_K100
6	IPI:IPI00644712.4	443	razor	1000	LPFADDKRKMPFT	ATP-dependent DNA helicase 2 subunit 1	XRCC6	1	1	1	0	0	0	0	0	2	0	2	0	0	0	0	0	0	0	0	0	6	IPI:IPI00644712.4_K443, IPI:IPI00888013.1_K693, IPI:IPI00888181.1_K563, IPI:IPI00889791.1_K402, IPI:IPI00893062.1_K393, IPI:IPI00893179.1_K443
7	IPI:IPI00644712.4	331	razor	1000	RQIILEKEETEEL	ATP-dependent DNA helicase 2 subunit 1	XRCC6	5	4	5	3	0	0	0	0	3	2	0	0	1	1	6	4	0	0	0	0	6	IPI:IPI00644712.4_K331, IPI:IPI00888013.1_K581, IPI:IPI00888181.1_K451, IPI:IPI00889791.1_K290, IPI:IPI00893062.1_K281, IPI:IPI00893179.1_K331
8	IPI:IPI00644712.4	461	razor	1000	TPEQVGKMKAIVE	ATP-dependent DNA helicase 2 subunit 1	XRCC6	22	13	10	7	0	0	5	4	15	9	6	5	14	10	23	14	0	0	0	0	4	IPI:IPI00644712.4_K461, IPI:IPI00889791.1_K420, IPI:IPI00893062.1_K411, IPI:IPI00893179.1_K461
9	IPI:IPI00644712.4	338	razor	1000	EETEELKRFDDPG	ATP-dependent DNA helicase 2 subunit 1	XRCC6	8	6	1	1	0	0	9	7	2	2	7	6	1	1	4	4	0	0	1	1	6	IPI:IPI00644712.4_K338, IPI:IPI00888013.1_K588, IPI:IPI00888181.1_K458, IPI:IPI00889791.1_K297, IPI:IPI00893062.1_K288, IPI:IPI00893179.1_K338
10	IPI:IPI00644712.4	182	razor	1000	HGNDSAKASRART	ATP-dependent DNA helicase 2 subunit 1	XRCC6	10	5	17	5	1	1	0	0	7	3	2	0	0	0	9	5	0	0	0	0	4	IPI:IPI00644712.4_K182, IPI:IPI00889791.1_K141, IPI:IPI00893062.1_K132, IPI:IPI00893179.1_K182
11	IPI:IPI00644712.4	238	razor	1000	HFEESSKLEDLLR	ATP-dependent DNA helicase 2 subunit 1	XRCC6	5	3	1	0	0	0	0	0	0	0	0	0	0	0	2	1	0	0	0	0	4	IPI:IPI00644712.4_K238, IPI:IPI00889791.1_K197, IPI:IPI00893062.1_K188, IPI:IPI00893179.1_K238
12	IPI:IPI00644712.4	556	razor	1000	SGSKRPKVEYSEE	ATP-dependent DNA helicase 2 subunit 1	XRCC6	11	8	22	11	0	0	8	4	32	9	4	2	21	10	19	10	1	0	0	0	5	IPI:IPI00644712.4_K556, IPI:IPI00888013.1_K806, IPI:IPI00888181.1_K676, IPI:IPI00889791.1_K515, IPI:IPI00893062.1_K506
13	IPI:IPI00644712.4	123	razor	1000	LELDQFKGQQGQK	ATP-dependent DNA helicase 2 subunit 1	XRCC6	2	2	1	1	2	1	0	0	3	2	0	0	0	0	2	2	0	0	0	0	4	IPI:IPI00644712.4_K123, IPI:IPI00889791.1_K82, IPI:IPI00893062.1_K73, IPI:IPI00893179.1_K123
14	IPI:IPI00644712.4	297	razor	1000	ETNEPVKTKTRTF	ATP-dependent DNA helicase 2 subunit 1	XRCC6	3	1	0	0	0	0	1	1	0	0	0	0	0	0	0	0	0	0	0	0	4	IPI:IPI00644712.4_K297, IPI:IPI00889791.1_K256, IPI:IPI00893062.1_K247, IPI:IPI00893179.1_K297
15	IPI:IPI00644712.4	575	razor	1000	SKGTLGKFTVPML	ATP-dependent DNA helicase 2 subunit 1	XRCC6	23	9	14	10	0	0	7	4	29	8	1	0	21	7	13	6	0	0	0	0	5	IPI:IPI00644712.4_K575, IPI:IPI00888013.1_K825, IPI:IPI00888181.1_K695, IPI:IPI00889791.1_K534, IPI:IPI00893062.1_K525
16	IPI:IPI00644712.4	516	razor	1000	KVEAMNKRLGSLV	ATP-dependent DNA helicase 2 subunit 1	XRCC6	1	1	0	0	0	0	1	1	0	0	0	0	0	0	0	0	0	0	1	1	4	IPI:IPI00644712.4_K516, IPI:IPI00889791.1_K475, IPI:IPI00893062.1_K466, IPI:IPI00893179.1_K516
17	IPI:IPI00644712.4	526	razor	1000	SLVDEFKELVYPP	ATP-dependent DNA helicase 2 subunit 1	XRCC6	3	0	7	1	0	0	5	0	7	0	5	1	2	0	2	0	32	5	0	0	4	IPI:IPI00644712.4_K526, IPI:IPI00889791.1_K485, IPI:IPI00893062.1_K476, IPI:IPI00893179.1_K526
18	IPI:IPI00644712.4	351	razor	1000	LMLMGFKPLVLLK	ATP-dependent DNA helicase 2 subunit 1	XRCC6	1	0	1	0	0	0	0	0	1	0	0	0	0	0	1	0	0	0	0	0	6	IPI:IPI00644712.4_K351, IPI:IPI00888013.1_K601, IPI:IPI00888181.1_K471, IPI:IPI00889791.1_K310, IPI:IPI00893062.1_K301, IPI:IPI00893179.1_K351
19	IPI:IPI00216318.5	140	razor	1000	VASGDNKQTTVSN	Isoform Long of 14-3-3 protein beta/alpha	YWHAB	23	1	25	1	2	1	22	3	32	2	8	0	41	1	18	2	0	0	0	0	2	IPI:IPI00216318.5_K140, IPI:IPI00759832.1_K138
20	IPI:IPI00216318.5	159	razor	1000	EAFEISKKEMQPT	Isoform Long of 14-3-3 protein beta/alpha	YWHAB	7	1	12	0	0	0	0	0	5	0	5	1	5	0	8	0	0	0	0	0	2	IPI:IPI00216318.5_K159, IPI:IPI00759832.1_K157
21	IPI:IPI00216318.5	11	razor	1000	KSELVQKAKLAEQ	Isoform Long of 14-3-3 protein beta/alpha	YWHAB	30	18	13	9	4	2	25	14	14	11	5	5	12	9	12	9	0	0	0	0	4	IPI:IPI00216318.5_K11, IPI:IPI00640721.1_K11, IPI:IPI00645801.1_K11, IPI:IPI00759832.1_K9
22	IPI:IPI00216318.5	70	razor	1000	ISSIEQKTERNEK	Isoform Long of 14-3-3 protein beta/alpha	YWHAB	1	0	6	0	0	0	1	1	1	0	4	2	0	0	1	0	0	0	0	0	4	IPI:IPI00216318.5_K70, IPI:IPI00640721.1_K70, IPI:IPI00645801.1_K70, IPI:IPI00759832.1_K68
23	IPI:IPI00438229.2	434	razor	1000	APGPLSKQGSGSS	Isoform 1 of Transcription intermediary factor 1-beta	TRIM28	134	11	96	5	1	0	80	9	139	9	64	5	131	7	73	4	33	0	0	0	2	IPI:IPI00438229.2_K434, IPI:IPI00438230.3_K352
24	IPI:IPI00438229.2	319	razor	1000	LVNDAQKVTEGQQ	Isoform 1 of Transcription intermediary factor 1-beta	TRIM28	80	21	64	16	5	3	110	18	80	23	32	14	66	17	59	17	39	8	20	13	2	IPI:IPI00438229.2_K319, IPI:IPI00438230.3_K237
25	IPI:IPI00438229.2	407	razor	1000	SAEAFGKIVAERP	Isoform 1 of Transcription intermediary factor 1-beta	TRIM28	38	13	17	7	1	0	1	1	60	14	6	2	51	11	29	9	1	0	2	1	2	IPI:IPI00438229.2_K407, IPI:IPI00438230.3_K325
26	IPI:IPI00438229.2	469	razor	1000	PHVSGVKRSRSGE	Isoform 1 of Transcription intermediary factor 1-beta	TRIM28	62	10	49	3	0	0	29	7	45	2	35	3	48	5	31	3	23	0	0	0	2	IPI:IPI00438229.2_K469, IPI:IPI00438230.3_K387
27	IPI:IPI00438229.2	750	razor	1000	RARLQEKLSPPYS	Isoform 1 of Transcription intermediary factor 1-beta	TRIM28	51	15	48	12	4	0	61	16	83	15	20	5	163	16	112	13	25	6	7	2	2	IPI:IPI00438229.2_K750, IPI:IPI00438230.3_K668
28	IPI:IPI00438229.2	400	razor	1000	DLNAWTKSAEAFG	Isoform 1 of Transcription intermediary factor 1-beta	TRIM28	35	10	27	8	0	0	25	7	32	10	8	4	20	8	17	8	14	6	14	10	2	IPI:IPI00438229.2_K400, IPI:IPI00438230.3_K318
29	IPI:IPI00438229.2	304	razor	1000	AILQIMKELNKRG	Isoform 1 of Transcription intermediary factor 1-beta	TRIM28	16	7	1	0	0	0	14	7	11	6	2	0	20	7	8	2	0	0	0	0	2	IPI:IPI00438229.2_K304, IPI:IPI00438230.3_K222
30	IPI:IPI00438229.2	377	razor	1000	QLHRALKMIVDPV	Isoform 1 of Transcription intermediary factor 1-beta	TRIM28	50	25	51	20	2	1	30	16	109	28	17	9	51	22	47	17	30	13	0	0	2	IPI:IPI00438229.2_K377, IPI:IPI00438230.3_K295
31	IPI:IPI00438229.2	365	razor	1000	TALLLSKKLIYFQ	Isoform 1 of Transcription intermediary factor 1-beta	TRIM28	8	2	7	0	0	0	1	0	19	7	1	1	6	4	6	2	0	0	2	1	2	IPI:IPI00438229.2_K365, IPI:IPI00438230.3_K283
32	IPI:IPI00438229.2	289	razor	1000	QVSDVQKRVQVDV	Isoform 1 of Transcription intermediary factor 1-beta	TRIM28	5	5	0	0	0	0	2	2	3	3	1	1	5	4	1	1	0	0	0	0	2	IPI:IPI00438229.2_K289, IPI:IPI00438230.3_K207
33	IPI:IPI00438229.2	779	razor	1000	NKLTEDKADVQSI	Isoform 1 of Transcription intermediary factor 1-beta	TRIM28	14	7	8	5	0	0	5	3	6	4	2	2	11	5	6	4	0	0	11	6	2	IPI:IPI00438229.2_K779, IPI:IPI00438230.3_K697
34	IPI:IPI00438229.2	261	razor	1000	LLASLVKRLGDKH	Isoform 1 of Transcription intermediary factor 1-beta	TRIM28	8	4	0	0	0	0	3	2	1	1	0	0	6	3	1	1	0	0	1	1	2	IPI:IPI00438229.2_K261, IPI:IPI00438230.3_K179
35	IPI:IPI00438229.2	575	razor	1000	TEGPETKPVLMAL	Isoform 1 of Transcription intermediary factor 1-beta	TRIM28	11	0	0	0	0	0	32	6	40	0	19	0	26	0	7	0	0	0	0	0	2	IPI:IPI00438229.2_K575, IPI:IPI00438230.3_K493
36	IPI:IPI00438229.2	272	razor	1000	KHATLQKSTKEVR	Isoform 1 of Transcription intermediary factor 1-beta	TRIM28	5	5	0	0	0	0	12	10	11	8	0	0	2	2	1	1	0	0	4	2	2	IPI:IPI00438229.2_K272, IPI:IPI00438230.3_K190
37	IPI:IPI00438229.2	507	razor	1000	SQPPVFKVFPGST	Isoform 1 of Transcription intermediary factor 1-beta	TRIM28	2	1	0	0	0	0	36	5	0	0	0	0	27	2	3	0	73	5	0	0	2	IPI:IPI00438229.2_K507, IPI:IPI00438230.3_K425
38	IPI:IPI00438229.2	275	razor	1000	TLQKSTKEVRSSI	Isoform 1 of Transcription intermediary factor 1-beta	TRIM28	2	2	0	0	0	0	2	2	0	0	0	0	0	0	0	0	0	0	0	0	2	IPI:IPI00438229.2_K275, IPI:IPI00438230.3_K193
39	IPI:IPI00237884.3	1725	razor	1000	ASGGLTKESPDTN	Isoform 1 of A-kinase anchor protein 12	AKAP12	16	0	4	0	0	0	21	2	3	0	6	0	8	0	6	0	0	0	0	0	4	IPI:IPI00217683.2_K1627, IPI:IPI00237884.3_K1725, IPI:IPI00867627.1_K1627, IPI:IPI00872599.3_K1627
40	IPI:IPI00237884.3	228	razor	152.1627534229	AGEAASKESEPKQ	Isoform 1 of A-kinase anchor protein 12	AKAP12	11	1	13	0	0	0	0	0	7	0	8	0	0	0	7	0	0	0	0	0	6	IPI:IPI00217683.2_K130, IPI:IPI00237884.3_K228, IPI:IPI00431688.1_K130, IPI:IPI00479064.5_K129, IPI:IPI00867627.1_K130, IPI:IPI00872599.3_K130
41	IPI:IPI00237884.3	867	razor	1000	EAQQAQKSAEQPE	Isoform 1 of A-kinase anchor protein 12	AKAP12	39	7	20	0	0	0	59	14	29	0	13	5	14	3	14	2	0	0	0	0	4	IPI:IPI00217683.2_K769, IPI:IPI00237884.3_K867, IPI:IPI00867627.1_K769, IPI:IPI00872599.3_K769
42	IPI:IPI00237884.3	808	razor	45.1145329051	ESWVSIKKFIPGR	Isoform 1 of A-kinase anchor protein 12	AKAP12	2	0	3	0	0	0	0	0	1	0	6	1	0	0	1	0	0	0	0	0	4	IPI:IPI00217683.2_K710, IPI:IPI00237884.3_K808, IPI:IPI00867627.1_K710, IPI:IPI00872599.3_K710
43	IPI:IPI00237884.3	1274	razor	1000	DQYADEKTKDVPF	Isoform 1 of A-kinase anchor protein 12	AKAP12	55	18	33	12	1	1	57	16	36	12	24	9	54	14	41	12	17	7	0	0	4	IPI:IPI00217683.2_K1176, IPI:IPI00237884.3_K1274, IPI:IPI00867627.1_K1176, IPI:IPI00872599.3_K1176
44	IPI:IPI00237884.3	1087	razor	1000	AEASGLKKETDVV	Isoform 1 of A-kinase anchor protein 12	AKAP12	28	5	15	0	0	0	39	6	8	1	6	2	9	1	13	1	0	0	0	0	4	IPI:IPI00217683.2_K989, IPI:IPI00237884.3_K1087, IPI:IPI00867627.1_K989, IPI:IPI00872599.3_K989
45	IPI:IPI00237884.3	432	razor	1000	ERTEEQKTEVEET	Isoform 1 of A-kinase anchor protein 12	AKAP12	16	1	0	0	0	0	51	6	17	0	14	0	62	0	14	0	0	0	0	0	4	IPI:IPI00217683.2_K334, IPI:IPI00237884.3_K432, IPI:IPI00867627.1_K334, IPI:IPI00872599.3_K334
46	IPI:IPI00237884.3	376	razor	84.2081729126	LSAEYEKVELPSE	Isoform 1 of A-kinase anchor protein 12	AKAP12	7	0	1	0	0	0	1	0	4	0	2	0	6	0	4	0	0	0	0	0	4	IPI:IPI00217683.2_K278, IPI:IPI00237884.3_K376, IPI:IPI00867627.1_K278, IPI:IPI00872599.3_K278
47	IPI:IPI00237884.3	763	razor	1000	STWESFKRLVTPR	Isoform 1 of A-kinase anchor protein 12	AKAP12	1	0	0	0	0	0	1	0	0	0	4	0	0	0	0	0	0	0	0	0	4	IPI:IPI00217683.2_K665, IPI:IPI00237884.3_K763, IPI:IPI00867627.1_K665, IPI:IPI00872599.3_K665
48	IPI:IPI00237884.3	875	razor	1000	AEQPEQKAATEVS	Isoform 1 of A-kinase anchor protein 12	AKAP12	12	7	4	4	1	1	20	12	6	4	0	0	3	3	3	3	0	0	0	0	4	IPI:IPI00217683.2_K777, IPI:IPI00237884.3_K875, IPI:IPI00867627.1_K777, IPI:IPI00872599.3_K777
49	IPI:IPI00237884.3	602	razor	1000	ATSDGEKKREGVT	Isoform 1 of A-kinase anchor protein 12	AKAP12	3	1	0	0	0	0	4	2	1	0	0	0	2	0	1	0	0	0	0	0	4	IPI:IPI00217683.2_K504, IPI:IPI00237884.3_K602, IPI:IPI00867627.1_K504, IPI:IPI00872599.3_K504
